{"layer_cnn_pruning": {"accuracy": 0.7295180559158325, "f1_score": 0.7297700643539429, "average_inference_time": 0.031730924744203866}}