{"layer_fc_cnn_pruning": {"accuracy": 0.7468875646591187, "f1_score": 0.746800422668457, "average_inference_time": 0.03211568062563976}}