{"layer_fc_pruning": {"accuracy": 0.7556225061416626, "f1_score": 0.757846474647522, "average_inference_time": 0.04133480428213097}}