{"global_random_pruning": {"accuracy": 0.27339357137680054, "f1_score": 0.2344137281179428, "average_inference_time": 0.04423587293509977}}