{"type_aware_pruning": {"accuracy": 0.6147590279579163, "f1_score": 0.550220787525177, "average_inference_time": 0.044755621128771676}}