{"global_pruning_results": {"accuracy": 0.7659638524055481, "f1_score": 0.7656566500663757, "average_inference_time": 0.10111143502844386}}