{"train_loss": [2.313411235809326, 2.2980775833129883, 2.298198699951172, 2.2946059703826904, 2.299582004547119], "valid_loss": [2.3007382580212186, 2.302169777098156, 2.300859749317169, 2.2902547745477584, 2.295685881660098], "train_accuracy": [1.6666666666666667, 15.0, 8.333333333333332, 6.666666666666667, 15.0], "valid_accuracy": [9.841269841269842, 10.337301587301589, 10.357142857142858, 10.15873015873016, 13.174603174603176], "test_accuracy": 9.989959839357432, "early_stop_iter": 9, "p_weights_remaining": 100}
{"train_loss": [2.313411235809326, 2.2980775833129883, 2.298198699951172, 2.2946059703826904, 2.299582004547119], "valid_loss": [2.3007382580212186, 2.302169777098156, 2.300859749317169, 2.2902547745477584, 2.295685881660098], "train_accuracy": [1.6666666666666667, 15.0, 8.333333333333332, 6.666666666666667, 15.0], "valid_accuracy": [9.841269841269842, 10.337301587301589, 10.357142857142858, 10.15873015873016, 13.174603174603176], "test_accuracy": 9.94979919678715, "early_stop_iter": 9, "p_weights_remaining": 80.0}
{"train_loss": [2.313411235809326, 2.2980775833129883, 2.298198699951172, 2.2946059703826904, 2.299582004547119], "valid_loss": [2.3007382580212186, 2.302169777098156, 2.300859749317169, 2.2902547745477584, 2.295685881660098], "train_accuracy": [1.6666666666666667, 15.0, 8.333333333333332, 6.666666666666667, 15.0], "valid_accuracy": [9.841269841269842, 10.337301587301589, 10.357142857142858, 10.15873015873016, 13.174603174603176], "test_accuracy": 10.120481927710841, "early_stop_iter": 9, "p_weights_remaining": 64.0}
{"train_loss": [2.313411235809326, 2.2980775833129883, 2.298198699951172, 2.2946059703826904, 2.299582004547119], "valid_loss": [2.3007382580212186, 2.302169777098156, 2.300859749317169, 2.2902547745477584, 2.295685881660098], "train_accuracy": [1.6666666666666667, 15.0, 8.333333333333332, 6.666666666666667, 15.0], "valid_accuracy": [9.841269841269842, 10.337301587301589, 10.357142857142858, 10.15873015873016, 13.174603174603176], "test_accuracy": 10.823293172690764, "early_stop_iter": 9, "p_weights_remaining": 51.2}
{"train_loss": [2.313411235809326, 2.2980775833129883, 2.298198699951172, 2.2946059703826904, 2.299582004547119], "valid_loss": [2.3007382580212186, 2.302169777098156, 2.300859749317169, 2.2902547745477584, 2.295685881660098], "train_accuracy": [1.6666666666666667, 15.0, 8.333333333333332, 6.666666666666667, 15.0], "valid_accuracy": [9.841269841269842, 10.337301587301589, 10.357142857142858, 10.15873015873016, 13.174603174603176], "test_accuracy": 13.052208835341364, "early_stop_iter": 9, "p_weights_remaining": 40.96000000000001}
